Id,Name,ShippingCountry,Region__c,Correct Region
0011W00001vnQL8QAM,Avianca Holdings S.A.,Colombia,NA,LATAM
0011W000020T86GQAS,Vivaticket,France,NA,EMEA
0011W00002MtnojQAB,CRISIL via SoftwareOne,India,NA,APAC
0011W00002Pi1pJQAR,Brit Group Services via Ingram Micro CDW,United Kingdom,NA,EMEA
0011W00002QBhfTQAT,"DAIWA LIFENEXT CO., LTD. via CTC",Japan,NA,JPN
0011W00002QY9ibQAD,Tata Unistore via Innovius via Ingram,India,NA,APAC
0011W00002Q04cbQAB,PETSUPERMARKET COMERCIO DE PRODUTOS PARA ANIMAIS LTDA,Brazil,NA,LATAM
0011W00002RV0PvQAL,TOYOTA SYSTEMS CORPORATION via Hisol,Japan,NA,JPN
0011W00002S0ItGQAV,My CMS,Netherlands,NA,EMEA
0011W00002SyQ48QAF,CTMC,United States,APAC,NA
0011W00002SytixQAB,"HITACHI ACADEMY CO., LTD. via HI-SOL",Japan,NA,JPN
0011W00002SzT4lQAF,C.I. TAKIRON CORPORATION via CTC,Japan,NA,JPN
0011W00002SzUmrQAF,"TOHO TITANIUM COMPANY,LIMITED. via HI-SOL",Japan,NA,JPN
0011W00002SzeJWQAZ,"HITACHI KE SYSTEMS, LTD. via HI-SOL",Japan,NA,JPN
0011W00002SzhYUQAZ,"CHUDEN PLANT CO.,LTD. via HI-SOL",Japan,NA,JPN
0011W00002Szr0BQAR,"ITOCHU INDUSTRIAL GAS CO., LTD. via CTC",Japan,NA,JPN
0011W00002VBscDQAT,"Provisional Account 8 via Shanghai FreeLink Information Technology (Hong Kong) Co., Limited - Reseller via Distributor Partner via Ingram Micro (HK) - Partner",Hong Kong,EMEA,APAC
0014000001r3C92AAE,United Lincolnshire hospitals trust (NHS) via Insight via Ingram Micro,United Kingdom,NA,EMEA
0018Z00002XjGlEQAV,Hiberus Global IT Services S.L.,Spain,NA,EMEA
0018Z00002Y9ybpQAB,Bitkuber Investments Private Limited via Innovius via Technobind,India,NA,APAC
0018Z00002anlBhQAI,IDA Ireland via Bluewave via QBS,United Kingdom,NA,EMEA
0018Z00002gFnrQQAS,HSE - ICT Department via SoftwareOne,United States,EMEA,NA
0018Z00002pYKOIQA4,Pinniped Research Center TEST - MICHAEL AGUIRRE TEST NOT REAL,United States,EMEA,NA
0018Z00002vxY42QAE,LEAL NEXAVENU,Australia,EMEA,APAC
0018Z00002yRCRUQA4,Wheels for Humanity,Ukraine,NA,EMEA
0018Z00002z0VIoQAM,ReLive Life Sciences Limited,Hong Kong,NA,APAC
0018Z00003B1q49QAB,ACCIONA CONSTRUCTION PHILIPPINES INC. via Fujifilm,Japan,APAC,JPN
0018Z00003EBpLAQA1,Dhahran Expo via COMM IT via Aptec (Saudi Arabia),Saudi Arabia,NA,EMEA
0018Z00003EBpNGQA1,株式会社玉川製作所,Japan,NA,JPN
001Ub00000XVGrvIAH,"ITOCHU ENEX HOMELIFE CO.,Ltd. via CTC",Japan,NA,JPN
001Ub00000a8WVsIAM,Sompo Japan Insurance Inc./EU Advanced via HI-SOL,Japan,NA,JPN
001Ub00000c5p2SIAQ,Howden US(B39999-P9999),United Kingdom,NA,EMEA
001Ub00000f1UXeIAM,"FLCS Co., Ltd. via CTC",Japan,NA,JPN
001Ub00000mauY1IAI,S.A.S STAND WITH FOUNDERS,France,NA,EMEA
001Ub00000qiow6IAA,"NTT, Inc via CTC",Japan,NA,JPN
001Ub00000rcOE8IAM,Forlex LTDA - ISV Embed,Brazil,NA,LATAM
